{
  "version": "v4_hard",
  "rmse_x": 31.87426941250353,
  "rmse_y": 20.625216393742583,
  "rmse_v": 1.6812710210622417,
  "rmse_position": 37.96536055234517,
  "max_position_error": 94.79272038555106,
  "mean_abs_steering": 0.3970618363877975,
  "mean_abs_acceleration": 0.5066022734866383,
  "total_control_effort": 234.29602069154475,
  "avg_solve_time_s": 0.011183234875010157,
  "max_solve_time_s": 0.14154327100004593,
  "total_solve_time_s": 4.473293950004063,
  "optimal_solve_pct": 100.0,
  "mean_sigma_y_norm": 4.791372432628568e-05,
  "max_sigma_y_norm": 0.000712353116535459
}