{
  "version": "v4_zigzag",
  "rmse_x": 0.2328172234963972,
  "rmse_y": 0.20590763543856788,
  "rmse_v": 0.09917791263860923,
  "rmse_position": 0.3108083233899529,
  "max_position_error": 0.894920413003566,
  "mean_abs_steering": 0.12230960572613042,
  "mean_abs_acceleration": 0.07282679086914372,
  "total_control_effort": 14.804538429650675,
  "avg_solve_time_s": 0.014222253383331917,
  "max_solve_time_s": 0.1449717000000419,
  "total_solve_time_s": 4.266676014999575,
  "optimal_solve_pct": 100.0,
  "mean_sigma_y_norm": 1.458190583530545e-06,
  "max_sigma_y_norm": 0.000135319758086333
}