{
  "version": "v1_baseline",
  "rmse_x": 0.321416803458737,
  "rmse_y": 0.15692450004255085,
  "rmse_v": 0.2293846966665969,
  "rmse_position": 0.3576787109393526,
  "max_position_error": 0.9208637033171648,
  "mean_abs_steering": 0.05484434604982245,
  "mean_abs_acceleration": 0.15187700086538014,
  "total_control_effort": 11.701379255351542,
  "avg_solve_time_s": 0.5360895554599979,
  "max_solve_time_s": 1.5794865980000168,
  "total_solve_time_s": 80.4134333189997,
  "optimal_solve_pct": 91.33333333333333,
  "mean_sigma_y_norm": 0.0070307074901087745,
  "max_sigma_y_norm": 0.04290771028009385
}