{
  "version": "v2",
  "rmse_x": 0.33372124644844103,
  "rmse_y": 0.17229944281065546,
  "rmse_v": 0.2363908877610894,
  "rmse_position": 0.37557551614018114,
  "max_position_error": 0.9708006071901788,
  "mean_abs_steering": 0.05623573917733258,
  "mean_abs_acceleration": 0.1572654499365948,
  "total_control_effort": 12.442514119911777,
  "avg_solve_time_s": 1.036072288059989,
  "max_solve_time_s": 2.264158772999963,
  "total_solve_time_s": 155.41084320899836,
  "optimal_solve_pct": 70.0,
  "mean_sigma_y_norm": 0.007179814783882008,
  "max_sigma_y_norm": 0.0452662269465905
}